"condition","difficulty","success_rate","avg_response_time","avg_correct_trials","task_type"
"jitsi","easy",0.952069327731092,17467.9426055807,13.2,"math"
"jitsi","optimal_selected",0.730333277833278,22346.9734654235,8.1,"math"
"jitsi","optimal_calibrated",0.853237595737596,20543.3561130536,10.05,"math"
"jitsi","hard",0.138888888888889,27681.1944444444,1.25,"math"
"chat","easy",0.963028846153846,17761.4072423328,13.6,"math"
"chat","optimal_selected",0.748773726273726,22551.4820193695,8.4,"math"
"chat","optimal_calibrated",0.9021447996448,20481.7488863914,10.85,"math"
"chat","hard",0.122222222222222,27747.2333333333,1.1,"math"
